{"cameraMode":{"drawMode":0,"name":"Shaded","section":"Shading Mode"},"sceneLighting":true,"audioPlay":false,"sceneViewState":{"showFog":true,"showMaterialUpdate":true,"showSkybox":true,"showFlares":true,"showImageEffects":true,"showParticleSystems":true},"in2DMode":false,"pivot":{"x":0.0,"y":0.6970001459121704,"z":26.979999542236329},"rotation":{"x":0.08609534800052643,"y":0.5603365302085877,"z":-0.05871152505278587,"w":0.8216833472251892},"size":11.6265869140625,"orthographic":true}