{"cameraMode":{"drawMode":0,"name":"Shaded","section":"Shading Mode"},"sceneLighting":true,"audioPlay":false,"sceneViewState":{"showFog":true,"showMaterialUpdate":true,"showSkybox":true,"showFlares":true,"showImageEffects":true,"showParticleSystems":true},"in2DMode":false,"pivot":{"x":0.0,"y":0.6970001459121704,"z":26.979999542236329},"rotation":{"x":0.10122436285018921,"y":0.001492398208938539,"z":-0.00015167765377555043,"w":0.9948624968528748},"size":68.79048156738281,"orthographic":true}