{"cameraMode":{"drawMode":0,"name":"Shaded","section":"Shading Mode"},"sceneLighting":true,"audioPlay":false,"sceneViewState":{"showFog":true,"showMaterialUpdate":true,"showSkybox":true,"showFlares":true,"showImageEffects":true,"showParticleSystems":true},"in2DMode":false,"pivot":{"x":-2.6021323204040529,"y":9.245342254638672,"z":-86.6683578491211},"rotation":{"x":0.6193609237670898,"y":0.027070757001638414,"z":-0.021376434713602067,"w":0.7843483090400696},"size":16.60962677001953,"orthographic":true}